<?xml version="1.0" encoding="UTF-8"?><project-private xmlns="http://www.netbeans.org/ns/project-private/1">
    <editor-bookmarks xmlns="http://www.netbeans.org/ns/editor-bookmarks/1"/>
    <editor-bookmarks xmlns="http://www.netbeans.org/ns/editor-bookmarks/2" lastBookmarkId="0"/>
    <open-files xmlns="http://www.netbeans.org/ns/projectui-open-files/1">
        <file>file:/C:/Users/Ironman/Desktop/Project/Final%20Project/Election/Election/src/Home.java</file>
        <file>file:/C:/Users/Ironman/Desktop/Project/Final%20Project/Election/Election/src/electioncommision.java</file>
        <file>file:/C:/Users/Ironman/Desktop/Project/Final%20Project/Election/Election/src/result.java</file>
        <file>file:/C:/Users/Ironman/Desktop/Project/Final%20Project/Election/Election/src/showinfo.java</file>
    </open-files>
</project-private>
